Question,Response
"What could we improve?","Customer service is very slow and unresponsive"
"What could we improve?","Wait times when calling are too long"
"What could we improve?","Support staff doesn't understand our problems"
"What could we improve?","Phone support is terrible"
"What could we improve?","The website is confusing to navigate"
"What could we improve?","Hard to find what I'm looking for on the site"
"What could we improve?","User interface is outdated"
"What could we improve?","The checkout process is too complicated"
"What could we improve?","Prices are too high for what you get"
"What could we improve?","More expensive than competitors"
"What could we improve?","Need better value for money"
"What could we improve?","Shipping costs are excessive"
"What could we improve?","Love the product quality"
"What could we improve?","Great customer experience overall"
"What could we improve?","Fast delivery and good packaging"
"What could we improve?","Product works exactly as advertised"
"What could we improve?","More color options would be nice"
"What could we improve?","Larger sizes needed"
"What could we improve?","Different materials would be good"
"What could we improve?","More variety in the product line"